D,o,m,i,n,o,',s, ,P,i,z,z,a
S,t,o,c,k,X
A,N,G,I, ,H,o,m,e,s,e,r,v,i,c,e,s
K,e,e,p,s
J,e,l,m,a,r
F,e,r,r,e,r,o,-,R,o,c,h,e,r
P,e,p,s,i,C,o
A,w,a,y
G,e,i,c,o
N,o,o,m
B,u,r,g,e,r, ,K,i,n,g
M,a,r,s, ,W,r,i,g,l,e,y, ,C,o,n,f,e,c,t,i,o,n,e,r,y
C,h,i,m,e, ,B,a,n,k
T,a,c,o, ,B,e,l,l
P,o,s,h,m,a,r,k
S,a,f,e,A,u,t,o, ,I,n,s,u,r,a,n,c,e, ,C,o,m,p,a,n,y
T,-,M,o,b,i,l,e
B,r,u,m,a,t,e
R,e,a,l,t,o,r,.,c,o,m
K,F,C
E,i,g,h,t, ,S,l,e,e,p
G,r,e,e,n, ,D,o,t
P,i,z,z,a, ,H,u,t
I,b,o,t,t,a
G,r,u,b,H,u,b
S,e,a,t, ,G,e,e,k
S,l,i,n,g, ,T,V, ,L,L,C
W,i,n,g,s,t,o,p
B,e,a,m, ,S,u,n,t,o,r,y
K,r,a,f,t, ,H,e,i,n,z
I,n,n,o,g,a,m,e,s
P,o,s,t,m,a,t,e,s
P,r,o,c,t,e,r, ,&, ,G,a,m,b,l,e
P,r,o,g,r,e,s,s,i,v,e
C,h,u,r,c,h, ,&, ,D,w,i,g,h,t, ,C,o,m,p,a,n,y
C,r,o,w,n, ,I,m,p,o,r,t,s, ,L,L,C
V,e,r,i,z,o,n, ,W,i,r,e,l,e,s,s
N,a,u,t,i,l,u,s
P,o,l,i,c,y, ,G,e,n,i,u,s
B,o,s,t,o,n, ,B,e,e,r
B,a,s,s, ,P,r,o, ,S,h,o,p,s
D,r,a,f,t, ,K,i,n,g,s
S,o,n,i,c
S,i,m,p,l,e, ,H,a,b,i,t
G,o,D,a,d,d,y,.,c,o,m
C,h,r,y,s,l,e,r
A,T,&,T
